firstname,lastname,email,age
Troy,Viall,tviall0@skype.com,45
Joeann,Threlkeld,jthrelkeld1@squarespace.com,12
Katusha,Elintune,kelintune2@wordpress.com,32
Conrade,Schnitter,cschnitter3@w3.org,2
Staford,Dunsmore,sdunsmore4@goo.ne.jp,24
Randa,Bascomb,rbascomb5@aboutads.info,82
Fleur,Ropcke,fropcke6@google.fr,10
Madge,Sappy,msappy7@networkadvertising.org,40
Alejandro,Cooch,acooch8@fema.gov,44
Persis,Castelletto,pcastelletto9@java.com,42
Allayne,Hawton,ahawtona@bloomberg.com,70
Barton,Blencoe,bblencoeb@rediff.com,83
Chaunce,Salle,csallec@google.es,34
Hatti,Yegorovnin,hyegorovnind@so-net.ne.jp,71
Ettie,Berggren,eberggrene@wunderground.com,29
Brody,Baradel,bbaradelf@photobucket.com,72
Forrest,Bosch,fboschg@altervista.org,63
Wolfgang,Darco,wdarcoh@xinhuanet.com,71
Benyamin,Hacking,bhackingi@nationalgeographic.com,87
Laurens,Youens,lyouensj@marketwatch.com,12
Sigfrid,Edmed,sedmedk@google.nl,6
Shirley,Meriton,smeritonl@youtu.be,24
Alva,Ditt,adittm@istockphoto.com,57
Nevins,Denington,ndeningtonn@amazonaws.com,71
Carlyn,Losty,clostyo@geocities.jp,72
Elora,Winspear,ewinspearp@ovh.net,83
Suellen,Cogzell,scogzellq@github.com,56
Tallie,Baglow,tbaglowr@typepad.com,19
Demeter,Kybbye,dkybbyes@cocolog-nifty.com,75
Dalia,Raggatt,draggattt@guardian.co.uk,46
Elsey,Fratczak,efratczaku@csmonitor.com,55
Nissie,Matussov,nmatussovv@webs.com,67
Brockie,Auden,baudenw@latimes.com,79
Gregor,Delucia,gdeluciax@loc.gov,72
Dot,Thomen,dthomeny@yahoo.co.jp,8
Nicoli,Wickey,nwickeyz@webs.com,64
Berget,McGeorge,bmcgeorge10@about.com,82
Fae,Hamshere,fhamshere11@who.int,76
Bartolomeo,Denisevich,bdenisevich12@hugedomains.com,9
Mattheus,Peirce,mpeirce13@nyu.edu,48
Julian,McGuigan,jmcguigan14@youtube.com,54
Axel,Edmenson,aedmenson15@weebly.com,73
Hill,Crosetto,hcrosetto16@time.com,90
Kile,Renn,krenn17@salon.com,87
Essa,Ferroli,eferroli18@nps.gov,64
Kingsly,Rosedale,krosedale19@bloomberg.com,19
Berti,McConaghy,bmcconaghy1a@ibm.com,32
Emili,Eaklee,eeaklee1b@nih.gov,9
Hailey,Bonifazio,hbonifazio1c@netscape.com,52
Gaby,Arrington,garrington1d@bandcamp.com,70
Glenn,Urey,gurey1e@whitehouse.gov,69
Julianna,Snelgrove,jsnelgrove1f@skyrock.com,10
Merridie,Bednell,mbednell1g@ocn.ne.jp,11
Genia,Elbourne,gelbourne1h@microsoft.com,8
Karil,Crix,kcrix1i@eepurl.com,1
Orson,Cranch,ocranch1j@usgs.gov,88
Joyann,Guisler,jguisler1k@dot.gov,3
Beverlie,Whitley,bwhitley1l@hao123.com,87
Ryun,Popescu,rpopescu1m@shutterfly.com,43
Philippine,Speller,pspeller1n@devhub.com,36
Britney,Dunsford,bdunsford1o@symantec.com,2
Riane,Speares,rspeares1p@ted.com,27
Ulla,Ducker,uducker1q@nhs.uk,21
Heather,Mulder,hmulder1r@cisco.com,54
Thorn,Bernadon,tbernadon1s@howstuffworks.com,16
Waverly,Cattell,wcattell1t@toplist.cz,6
Lalo,Coast,lcoast1u@1688.com,17
Worden,Cargill,wcargill1v@sciencedaily.com,2
Thatch,Belfield,tbelfield1w@tumblr.com,76
Gail,Adamowitz,gadamowitz1x@usgs.gov,32
Tadeas,De Gogay,tdegogay1y@dropbox.com,18
Kellen,Manderson,kmanderson1z@ucoz.ru,8
Thoma,Tripcony,ttripcony20@google.de,88
Paton,Cruden,pcruden21@hatena.ne.jp,60
Waverly,Witheridge,wwitheridge22@sitemeter.com,40
Audra,Josifovic,ajosifovic23@phpbb.com,69
Nadiya,Yegorkin,nyegorkin24@pcworld.com,64
Vitoria,Robilart,vrobilart25@stanford.edu,21
Kristine,Bilby,kbilby26@digg.com,51
Brigid,Mishaw,bmishaw27@usda.gov,69
Merilyn,McCallion,mmccallion28@mit.edu,56
Mala,Petford,mpetford29@yahoo.co.jp,25
Izzy,Pigram,ipigram2a@google.com.br,24
Thornton,Pletts,tpletts2b@lulu.com,3
Elisabetta,Boulde,eboulde2c@irs.gov,23
Izaak,Salla,isalla2d@baidu.com,22
Dominik,MacGuffog,dmacguffog2e@hhs.gov,52
Sammie,Gemmill,sgemmill2f@amazonaws.com,78
Lilias,Zaple,lzaple2g@bandcamp.com,43
Sydney,Pechet,spechet2h@tuttocitta.it,86
Deb,Odcroft,dodcroft2i@networkadvertising.org,45
Stanleigh,Bourdis,sbourdis2j@who.int,84
Rob,Deetch,rdeetch2k@dedecms.com,17
Chauncey,Rickeard,crickeard2l@exblog.jp,90
Celina,Chastney,cchastney2m@reddit.com,65
William,Landeg,wlandeg2n@goo.gl,71
Rex,Bummfrey,rbummfrey2o@chronoengine.com,20
Ursa,Gruby,ugruby2p@seesaa.net,76
Tandy,Ferres,tferres2q@google.cn,62
Meredith,Gymlett,mgymlett2r@artisteer.com,37
Hermie,Yeend,hyeend2s@youku.com,69
Chlo,Atmore,catmore2t@army.mil,60
Alia,Lorent,alorent2u@usa.gov,50
Cammie,Wavell,cwavell2v@ebay.co.uk,66
Lauryn,Chatfield,lchatfield2w@reference.com,41
Aggy,Benge,abenge2x@blogtalkradio.com,73
Nathaniel,Dominelli,ndominelli2y@earthlink.net,28
Dianemarie,Stelljes,dstelljes2z@berkeley.edu,65
Sosanna,Snarr,ssnarr30@guardian.co.uk,7
Tyne,Shobbrook,tshobbrook31@purevolume.com,44
Burr,Doud,bdoud32@youku.com,86
Papageno,Jeenes,pjeenes33@netscape.com,18
Ave,Boddam,aboddam34@ning.com,90
Nataniel,Longland,nlongland35@spiegel.de,64
Meghan,Gratrex,mgratrex36@ed.gov,78
Emelen,Chaulk,echaulk37@dmoz.org,50
Sherm,Pearton,spearton38@list-manage.com,87
Leland,Newhouse,lnewhouse39@nsw.gov.au,84
Eugenio,Sapey,esapey3a@unblog.fr,76
Raquel,Mullally,rmullally3b@un.org,64
Darline,Steven,dsteven3c@quantcast.com,90
Elbert,Hellings,ehellings3d@histats.com,34
Dreddy,Sang,dsang3e@msu.edu,62
Wallis,Bloore,wbloore3f@over-blog.com,89
Dierdre,Slocumb,dslocumb3g@is.gd,68
Alexio,Unger,aunger3h@pinterest.com,75
Brett,Burnage,bburnage3i@psu.edu,19
Karel,Blizard,kblizard3j@soup.io,88
Cristie,Pletts,cpletts3k@qq.com,33
Elisha,Gorringe,egorringe3l@t-online.de,46
Fredek,Terzza,fterzza3m@tiny.cc,38
Aeriell,Halwell,ahalwell3n@usnews.com,69
Dewitt,Michieli,dmichieli3o@phpbb.com,31
Gretna,Mott,gmott3p@dmoz.org,37
Josephina,Relfe,jrelfe3q@irs.gov,53
Paddy,Philp,pphilp3r@toplist.cz,6
Marlow,Blaze,mblaze3s@usa.gov,50
Julio,Mattussevich,jmattussevich3t@army.mil,77
Hernando,Shipton,hshipton3u@ft.com,38
Enriqueta,Leggitt,eleggitt3v@unicef.org,55
Rex,Sey,rsey3w@sohu.com,57
Othilie,Decourcy,odecourcy3x@jimdo.com,12
Lacy,Circuitt,lcircuitt3y@auda.org.au,36
Latrena,Sidaway,lsidaway3z@washingtonpost.com,15
Demetrius,Gullam,dgullam40@zdnet.com,8
Ame,Pail,apail41@oracle.com,27
Lyn,Latey,llatey42@freewebs.com,57
Zelda,Fache,zfache43@discovery.com,27
Jayne,Lorenc,jlorenc44@clickbank.net,7
Andreas,Aland,aaland45@phpbb.com,36
Mildrid,Yuryev,myuryev46@eventbrite.com,43
North,Bunt,nbunt47@gizmodo.com,67
Isidoro,Shard,ishard48@etsy.com,49
Janenna,Brunelleschi,jbrunelleschi49@shutterfly.com,68
Tiff,Marchiso,tmarchiso4a@yellowbook.com,37
Harlin,Blaxall,hblaxall4b@webeden.co.uk,57
Olga,Cutts,ocutts4c@ifeng.com,74
Marv,Robbe,mrobbe4d@jigsy.com,76
Ciel,Llewelyn,cllewelyn4e@ca.gov,28
Trish,Garnar,tgarnar4f@ifeng.com,5
Demetris,Chadwell,dchadwell4g@slideshare.net,58
Cathee,Maryott,cmaryott4h@google.co.jp,39
Mordecai,Puckham,mpuckham4i@xinhuanet.com,84
Leigh,Fawcett,lfawcett4j@mysql.com,9
Cornelius,Cicchetto,ccicchetto4k@cnn.com,32
Pauli,Kagan,pkagan4l@ucla.edu,41
Shirley,McGeachy,smcgeachy4m@mit.edu,69
Son,Galer,sgaler4n@scientificamerican.com,58
Chucho,Battill,cbattill4o@unesco.org,83
Winna,De Morena,wdemorena4p@opera.com,47
Burk,Stonelake,bstonelake4q@wiley.com,80
Quincey,Scrinage,qscrinage4r@answers.com,19
Braden,Giacoppo,bgiacoppo4s@imageshack.us,22
Gustie,Leftbridge,gleftbridge4t@constantcontact.com,16
Mick,O'Kielt,mokielt4u@usnews.com,34
Cob,Frewer,cfrewer4v@scribd.com,62
Georgetta,Manssuer,gmanssuer4w@fc2.com,59
Olive,Bibey,obibey4x@360.cn,54
Tony,Annett,tannett4y@histats.com,59
Brianna,Blease,bblease4z@last.fm,24
Tobi,Le Galle,tlegalle50@scientificamerican.com,26
Hogan,Ternouth,hternouth51@tumblr.com,76
Randolf,Mathiasen,rmathiasen52@earthlink.net,5
Dania,Aslen,daslen53@dropbox.com,16
Giff,Cheshir,gcheshir54@google.cn,47
Milo,Boij,mboij55@xing.com,29
Chrissy,Picardo,cpicardo56@meetup.com,80
Camala,Latliff,clatliff57@comsenz.com,88
Hermann,Dawes,hdawes58@geocities.com,65
Issie,Pikhno,ipikhno59@mysql.com,13
Binky,Hritzko,bhritzko5a@virginia.edu,8
Peria,Eshelby,peshelby5b@arstechnica.com,11
Lauritz,Sweetenham,lsweetenham5c@google.es,87
Jo-ann,Smurfitt,jsmurfitt5d@google.fr,61
Marshal,Pavlasek,mpavlasek5e@state.tx.us,70
Rafferty,Udell,rudell5f@live.com,4
Edd,Hevey,ehevey5g@yahoo.co.jp,89
Celestine,Bartolomeoni,cbartolomeoni5h@fc2.com,21
Vina,Linner,vlinner5i@cisco.com,86
Poul,Botright,pbotright5j@dailymotion.com,30
Chloe,Roscow,croscow5k@bigcartel.com,28
Padraig,Leonard,pleonard5l@senate.gov,58
Ambrose,Gainsborough,againsborough5m@wired.com,5
Blair,Daubney,bdaubney5n@unblog.fr,14
Homere,Glenwright,hglenwright5o@github.io,29
Pip,Seville,pseville5p@google.cn,47
Allison,Winspire,awinspire5q@sun.com,43
Alexina,Gyves,agyves5r@economist.com,55
Garik,Burrel,gburrel5s@ning.com,26
Nanni,Bounds,nbounds5t@washingtonpost.com,43
Issy,Rawll,irawll5u@squarespace.com,63
Genvieve,Simoes,gsimoes5v@elegantthemes.com,3
Karalynn,Tillman,ktillman5w@unesco.org,20
Nollie,Kirwood,nkirwood5x@fastcompany.com,86
Franklin,Bathersby,fbathersby5y@seattletimes.com,36
Aeriela,Jozwik,ajozwik5z@mozilla.com,28
Mike,Tinham,mtinham60@purevolume.com,30
Stefania,Mouton,smouton61@istockphoto.com,78
Godfree,Mico,gmico62@japanpost.jp,58
Stevie,Pryell,spryell63@tumblr.com,53
Renate,Badder,rbadder64@google.es,76
Michael,Crollman,mcrollman65@cornell.edu,79
Nettie,Justun,njustun66@i2i.jp,90
Rinaldo,Welchman,rwelchman67@xrea.com,42
Cathleen,Bartens,cbartens68@yahoo.com,41
Shepherd,Hogsden,shogsden69@google.co.uk,59
Robby,Hardwin,rhardwin6a@jigsy.com,8
Ashton,Cockman,acockman6b@apple.com,87
Verine,Filimore,vfilimore6c@reference.com,28
Meredith,Pauer,mpauer6d@sciencedirect.com,72
Adena,Dabrowski,adabrowski6e@oaic.gov.au,44
Brooks,Antonetti,bantonetti6f@irs.gov,48
Kaitlin,Bonnette,kbonnette6g@sogou.com,72
Patton,Delcastel,pdelcastel6h@prweb.com,72
Barbie,Likely,blikely6i@bloglovin.com,47
Penelope,Hollows,phollows6j@reference.com,22
Maribelle,Chantrell,mchantrell6k@independent.co.uk,84
Gabriello,Woolfitt,gwoolfitt6l@ca.gov,21
Nehemiah,Rankin,nrankin6m@canalblog.com,41
Marge,Lesser,mlesser6n@nyu.edu,46
Israel,Speek,ispeek6o@yolasite.com,56
Merell,Mathew,mmathew6p@ovh.net,54
Whit,Mews,wmews6q@vk.com,64
Carri,Cecchi,ccecchi6r@creativecommons.org,36
Jemmy,Bromehed,jbromehed6s@ustream.tv,32
Ilaire,Leare,ileare6t@deliciousdays.com,73
Lusa,Wheaton,lwheaton6u@hhs.gov,40
Lynnelle,Lamport,llamport6v@about.com,19
Maurise,Shayes,mshayes6w@blog.com,72
Valeda,Visco,vvisco6x@hubpages.com,43
Eugine,Ferrettino,eferrettino6y@deliciousdays.com,54
Juli,Squibbes,jsquibbes6z@rambler.ru,10
Cristobal,Dimic,cdimic70@businessweek.com,32
Cherilynn,Rudram,crudram71@cisco.com,17
Johny,Stennings,jstennings72@sitemeter.com,85
Tabby,Rosenstiel,trosenstiel73@wikipedia.org,5
Caddric,Twaite,ctwaite74@gravatar.com,67
Cherin,Frayn,cfrayn75@list-manage.com,3
Peg,Keary,pkeary76@nhs.uk,41
Clemence,Gillespie,cgillespie77@answers.com,9
Albertine,Aslen,aaslen78@jiathis.com,1
Brok,Trafford,btrafford79@discuz.net,1
Alonso,Coverly,acoverly7a@businessweek.com,31
Worth,Ing,wing7b@feedburner.com,69
Dorree,Frediani,dfrediani7c@godaddy.com,18
Cindelyn,Hallin,challin7d@huffingtonpost.com,4
Creight,Dunkirk,cdunkirk7e@yale.edu,20
Shea,Plume,splume7f@freewebs.com,60
Maye,Watkinson,mwatkinson7g@wikipedia.org,14
Masha,Lucia,mlucia7h@usatoday.com,29
Shandee,Lambrecht,slambrecht7i@google.com.br,61
Uriah,Hebden,uhebden7j@opera.com,38
Pierce,Djorvic,pdjorvic7k@hhs.gov,11
Ailee,Josefson,ajosefson7l@umn.edu,29
Trula,Surphliss,tsurphliss7m@wp.com,16
Arri,Mace,amace7n@salon.com,45
Annie,Spinnace,aspinnace7o@jalbum.net,11
Perkin,Sperski,psperski7p@mozilla.com,60
Belita,Hellin,bhellin7q@thetimes.co.uk,5
Hughie,Kilban,hkilban7r@nasa.gov,38
Netty,Matous,nmatous7s@google.cn,20
Kattie,Todman,ktodman7t@jigsy.com,43
Winifield,Dollard,wdollard7u@exblog.jp,44
Parnell,Whisker,pwhisker7v@privacy.gov.au,29
Hermia,Feander,hfeander7w@vinaora.com,26
Melosa,Geillier,mgeillier7x@telegraph.co.uk,48
Edlin,Peele,epeele7y@cmu.edu,36
Colan,Woollacott,cwoollacott7z@jimdo.com,12
Annabell,Miguet,amiguet80@theglobeandmail.com,71
Amalita,Winslet,awinslet81@home.pl,80
Earl,Schneidau,eschneidau82@tamu.edu,53
Mallory,Lope,mlope83@blogger.com,6
Leon,Haddington,lhaddington84@whitehouse.gov,2
Sherri,Lodo,slodo85@springer.com,88
Adey,Cromly,acromly86@un.org,84
Ines,Sammut,isammut87@bing.com,68
Max,Farraway,mfarraway88@woothemes.com,8
Auberta,Philippon,aphilippon89@miitbeian.gov.cn,39
Archy,Calan,acalan8a@hibu.com,80
Abbie,Paybody,apaybody8b@odnoklassniki.ru,67
Bell,Santoro,bsantoro8c@netlog.com,25
Fidelity,Rowan,frowan8d@independent.co.uk,64
Emlynn,Hebblewaite,ehebblewaite8e@kickstarter.com,76
Yank,Saladin,ysaladin8f@guardian.co.uk,46
Carolan,Cowap,ccowap8g@typepad.com,76
Allyson,McCanny,amccanny8h@plala.or.jp,19
Aprilette,Gallacher,agallacher8i@sbwire.com,47
Chevalier,Ilyinykh,cilyinykh8j@adobe.com,10
Dedra,Sailes,dsailes8k@domainmarket.com,11
Cinnamon,Ambroix,cambroix8l@infoseek.co.jp,48
Kaitlynn,Coursor,kcoursor8m@theguardian.com,4
Sileas,Bealing,sbealing8n@google.fr,83
Jacquetta,Paramor,jparamor8o@pagesperso-orange.fr,16
Rolfe,Hobgen,rhobgen8p@seesaa.net,61
Artie,Bowyer,abowyer8q@i2i.jp,28
Trstram,Iiannoni,tiiannoni8r@cnn.com,60
Findley,Trowbridge,ftrowbridge8s@google.com.hk,27
Mellisa,Skim,mskim8t@xrea.com,20
Ettore,Rudge,erudge8u@e-recht24.de,70
Bridgette,Gapper,bgapper8v@comcast.net,79
Felike,Loosemore,floosemore8w@chicagotribune.com,57
Lucia,Monument,lmonument8x@ft.com,41
Wylma,Rawcliff,wrawcliff8y@virginia.edu,33
Zak,Moine,zmoine8z@is.gd,74
Randene,Hallwell,rhallwell90@squidoo.com,67
Melly,Bromfield,mbromfield91@is.gd,88
Rey,Grevel,rgrevel92@state.gov,75
Amabel,Duggan,aduggan93@ebay.com,34
Basilius,Hansel,bhansel94@webeden.co.uk,48
Conrade,Bourbon,cbourbon95@go.com,68
Pepe,Dagon,pdagon96@bloglines.com,10
Sholom,Burchard,sburchard97@who.int,70
Wilton,Woodhouse,wwoodhouse98@smugmug.com,10
Elspeth,Delamaine,edelamaine99@house.gov,65
Gerty,Hargrave,ghargrave9a@histats.com,86
Huberto,Kain,hkain9b@bloomberg.com,78
Derrek,Wibrew,dwibrew9c@amazon.co.jp,11
Stearn,Blose,sblose9d@dropbox.com,81
Zerk,Lichfield,zlichfield9e@1und1.de,27
Elayne,Ransley,eransley9f@wp.com,38
Greer,Caslane,gcaslane9g@github.com,66
Gardiner,Doggart,gdoggart9h@usnews.com,53
Romy,Bridgestock,rbridgestock9i@meetup.com,10
Sondra,Dallon,sdallon9j@usda.gov,53
Beverly,Clemence,bclemence9k@blinklist.com,17
Karisa,Stolli,kstolli9l@ftc.gov,46
Sherlock,Plaide,splaide9m@imgur.com,46
Dolorita,Stoeckle,dstoeckle9n@cocolog-nifty.com,68
Morna,Blackbrough,mblackbrough9o@lulu.com,37
Othello,Caskie,ocaskie9p@cargocollective.com,16
Amerigo,Schwieso,aschwieso9q@amazon.co.jp,15
Lynna,Wallman,lwallman9r@cnbc.com,28
Hinze,Wernher,hwernher9s@unc.edu,51
Jean,Swaby,jswaby9t@angelfire.com,74
Brade,Clavering,bclavering9u@fda.gov,23
Gertrud,Reucastle,greucastle9v@psu.edu,13
Nanine,Saura,nsaura9w@washingtonpost.com,79
Philippine,Brodeau,pbrodeau9x@wired.com,54
Terry,Trees,ttrees9y@bluehost.com,41
Tanitansy,Cartwright,tcartwright9z@home.pl,19
Weylin,Honack,whonacka0@indiegogo.com,49
Asa,Chapelle,achapellea1@spotify.com,30
Zorana,Currier,zcurriera2@constantcontact.com,21
Korrie,Smewing,ksmewinga3@wp.com,66
Wynn,Yate,wyatea4@geocities.com,17
Elie,Vagges,evaggesa5@google.pl,41
Kellia,Gillooly,kgilloolya6@census.gov,77
Pandora,Pilmore,ppilmorea7@ucoz.com,23
Rene,Worsfold,rworsfolda8@jimdo.com,65
Meridith,Kittley,mkittleya9@ameblo.jp,52
Sharline,Prestland,sprestlandaa@washington.edu,23
Marnia,Willcox,mwillcoxab@tmall.com,32
Reinaldos,Brome,rbromeac@nps.gov,71
Inna,Hesser,ihesserad@wsj.com,2
Nedi,Dunkley,ndunkleyae@mail.ru,52
Emmerich,Forsythe,eforsytheaf@digg.com,32
Sarina,Tomaszewicz,stomaszewiczag@hc360.com,65
Vanda,Nattriss,vnattrissah@google.es,43
Valentine,List,vlistai@topsy.com,14
Rochelle,Cowherd,rcowherdaj@ifeng.com,47
Wyndham,Gellibrand,wgellibrandak@usnews.com,23
Lexy,Cron,lcronal@timesonline.co.uk,39
Austine,Stirling,astirlingam@dedecms.com,40
Cam,Jeanon,cjeanonan@ebay.co.uk,75
Barrett,Bon,bbonao@qq.com,39
Gladys,Hearns,ghearnsap@geocities.com,57
Marquita,Camp,mcampaq@ibm.com,17
Burlie,Armitage,barmitagear@hhs.gov,72
Claiborn,Joselovitch,cjoselovitchas@devhub.com,21
Morgun,Laidel,mlaidelat@reverbnation.com,44
Dion,Digger,ddiggerau@g.co,45
Marlyn,Lux,mluxav@php.net,24
Laryssa,Ciubutaro,lciubutaroaw@storify.com,42
Martina,Handrok,mhandrokax@buzzfeed.com,70
Priscella,McIlvoray,pmcilvorayay@microsoft.com,20
Roxanna,Redihalgh,rredihalghaz@tamu.edu,77
Guinna,Penhale,gpenhaleb0@home.pl,28
Markos,Meneyer,mmeneyerb1@purevolume.com,33
Harris,Larking,hlarkingb2@engadget.com,33
Mathian,Prosh,mproshb3@topsy.com,55
Natalee,Sidworth,nsidworthb4@hugedomains.com,56
Ezmeralda,Jankovsky,ejankovskyb5@sciencedaily.com,81
Meridith,Donnersberg,mdonnersbergb6@jalbum.net,34
Ford,Crummay,fcrummayb7@purevolume.com,82
Titus,Dallow,tdallowb8@over-blog.com,53
Sheff,Beacock,sbeacockb9@biglobe.ne.jp,16
Taite,Doumerque,tdoumerqueba@telegraph.co.uk,86
Trixy,Tweedle,ttweedlebb@hatena.ne.jp,57
Vin,Rosettini,vrosettinibc@wikispaces.com,5
Peter,Mewett,pmewettbd@google.com.hk,45
Tremain,Valerio,tvaleriobe@acquirethisname.com,12
Raleigh,Templman,rtemplmanbf@e-recht24.de,84
Elwyn,Courtin,ecourtinbg@unblog.fr,11
Hector,Blennerhassett,hblennerhassettbh@people.com.cn,61
Morie,Rawood,mrawoodbi@posterous.com,59
Randie,Alvarado,ralvaradobj@hubpages.com,87
Andie,Jarnell,ajarnellbk@oaic.gov.au,52
Lianna,Sharvill,lsharvillbl@si.edu,89
Marquita,Rubica,mrubicabm@reddit.com,48
Pepi,Daudray,pdaudraybn@topsy.com,59
Dynah,Nunn,dnunnbo@t-online.de,52
Hallie,Greenhalf,hgreenhalfbp@bizjournals.com,50
Milicent,Laxon,mlaxonbq@ezinearticles.com,9
Deerdre,Ondrich,dondrichbr@biblegateway.com,58
Cathrin,Vanelli,cvanellibs@webnode.com,68
Bel,Lashbrook,blashbrookbt@dion.ne.jp,70
Gustav,Bahde,gbahdebu@typepad.com,73
Melantha,Robilliard,mrobilliardbv@ehow.com,88
Morgun,Lockley,mlockleybw@ebay.com,60
Even,Carnew,ecarnewbx@imageshack.us,1
Karlene,Sarle,ksarleby@xrea.com,66
Deva,Colnet,dcolnetbz@flavors.me,34
Claiborne,Stadden,cstaddenc0@php.net,6
Winfield,Dunbar,wdunbarc1@state.tx.us,50
Urbano,Domm,udommc2@icio.us,50
Claudelle,Basterfield,cbasterfieldc3@gnu.org,74
Paulita,Snowden,psnowdenc4@cam.ac.uk,41
Nikolia,Blumer,nblumerc5@blogger.com,42
Nealy,Petkens,npetkensc6@myspace.com,57
Dukey,Buchett,dbuchettc7@ftc.gov,84
Kameko,Warrier,kwarrierc8@google.nl,59
Jodee,Trevillion,jtrevillionc9@tiny.cc,17
Korella,Kill,kkillca@blogger.com,19
Melita,Kordovani,mkordovanicb@angelfire.com,22
Reinwald,Petrashkov,rpetrashkovcc@liveinternet.ru,53
Ammamaria,Tailby,atailbycd@aboutads.info,27
Ondrea,oldey,ooldeyce@ow.ly,77
Dolf,Jorry,djorrycf@uol.com.br,37
Broderic,Jonczyk,bjonczykcg@techcrunch.com,50
Adler,Mincini,amincinich@shinystat.com,14
Katharina,Kelling,kkellingci@nytimes.com,50
Renae,Carlsen,rcarlsencj@ox.ac.uk,72
Olenka,Whenman,owhenmanck@ucsd.edu,4
Johnny,Sammons,jsammonscl@naver.com,27
Winslow,Elster,welstercm@wix.com,35
Mathias,Leese,mleesecn@go.com,51
Misha,Stening,msteningco@cnn.com,45
Francklyn,Tuma,ftumacp@instagram.com,56
Fayette,Bow,fbowcq@123-reg.co.uk,5
Benji,Culy,bculycr@slate.com,88
Quinlan,Harower,qharowercs@senate.gov,71
Candi,Lessmare,clessmarect@hubpages.com,46
Devan,Ivory,divorycu@e-recht24.de,2
Powell,Kirsop,pkirsopcv@dailymotion.com,7
Harmonie,Celiz,hcelizcw@ebay.com,39
Fawnia,Dadley,fdadleycx@istockphoto.com,27
Ramsay,McGiffie,rmcgiffiecy@blog.com,85
Glenn,Eldered,gelderedcz@cnet.com,45
Cecil,Bails,cbailsd0@live.com,23
Jacquenette,Reicharz,jreicharzd1@icq.com,28
Terry,Grimsdike,tgrimsdiked2@blinklist.com,72
Dallas,Peter,dpeterd3@freewebs.com,6
Flss,Thowless,fthowlessd4@nymag.com,71
Shep,Brandacci,sbrandaccid5@buzzfeed.com,31
Maryjo,Henryson,mhenrysond6@blog.com,54
Ole,Harbron,oharbrond7@psu.edu,55
Reiko,Luparti,rlupartid8@telegraph.co.uk,76
George,Bloom,gbloomd9@apache.org,39
Bonnee,Renac,brenacda@psu.edu,15
Alvinia,Rubert,arubertdb@dyndns.org,10
Nathanial,Baskeyfield,nbaskeyfielddc@huffingtonpost.com,30
Orazio,Tesh,oteshdd@vistaprint.com,59
Leonora,Bedburrow,lbedburrowde@csmonitor.com,53
Lind,Danels,ldanelsdf@admin.ch,65
Nevil,McCool,nmccooldg@yolasite.com,56
Laurena,Stainsby,lstainsbydh@google.co.jp,48
Nomi,McClean,nmccleandi@walmart.com,34
Hersh,Welland,hwellanddj@weebly.com,90
Randene,Gonnely,rgonnelydk@theatlantic.com,16
Porter,Baert,pbaertdl@miitbeian.gov.cn,78
Paulita,Delaprelle,pdelaprelledm@msu.edu,22
Warden,Allnutt,wallnuttdn@bbb.org,75
Emlyn,Dickens,edickensdo@merriam-webster.com,86
Isaac,Pirozzi,ipirozzidp@cisco.com,26
Colette,Rudolf,crudolfdq@gmpg.org,8
Shannah,Crosoer,scrosoerdr@bbc.co.uk,47
Stafford,Snowdon,ssnowdonds@dropbox.com,60
Victoir,Franchyonok,vfranchyonokdt@edublogs.org,90
Vernice,Briance,vbriancedu@guardian.co.uk,33
Augustin,Aston,aastondv@seattletimes.com,56
Cori,Rawes,crawesdw@google.fr,90
Peggie,Currington,pcurringtondx@pagesperso-orange.fr,67
Tabitha,Keelinge,tkeelingedy@who.int,24
Karim,Seaborne,kseabornedz@hugedomains.com,83
Augustine,Currie,acurriee0@woothemes.com,39
Cherianne,Tribble,ctribblee1@apple.com,75
Charla,Grinikhin,cgrinikhine2@chron.com,89
Teador,Cavee,tcaveee3@java.com,73
Corina,Bessey,cbesseye4@nationalgeographic.com,13
Akim,Baradel,abaradele5@thetimes.co.uk,44
Wyatt,McKevany,wmckevanye6@constantcontact.com,83
Geri,Skelcher,gskelchere7@elpais.com,64
Maximo,Barchrameev,mbarchrameeve8@ca.gov,77
Mycah,Beadman,mbeadmane9@youku.com,31
Darrick,Pearde,dpeardeea@cnet.com,43
Madeleine,Baroux,mbarouxeb@blog.com,71
Raye,Easun,reasunec@dmoz.org,81
Lucho,D'Aeth,ldaethed@patch.com,51
Boot,Fargie,bfargieee@bizjournals.com,8
Vernen,Mangeon,vmangeonef@cnn.com,69
Cornelius,Jermyn,cjermyneg@google.es,62
Reggie,Laurenz,rlaurenzeh@slate.com,73
Magnum,Macklam,mmacklamei@indiegogo.com,78
Sher,Dowgill,sdowgillej@flavors.me,82
Corine,Broggini,cbrogginiek@shinystat.com,58
Jermayne,Rigge,jriggeel@trellian.com,82
Trey,Narracott,tnarracottem@mlb.com,65
Sigismond,Filan,sfilanen@msn.com,34
Waldon,Saiens,wsaienseo@github.io,63
Darcey,Puttock,dputtockep@furl.net,89
Johnna,Longina,jlonginaeq@pbs.org,85
Phineas,Winship,pwinshiper@com.com,80
Merrick,Lages,mlageses@arizona.edu,74
Florence,Falcus,ffalcuset@csmonitor.com,65
Barri,Wike,bwikeeu@uol.com.br,68
Dela,Tyrwhitt,dtyrwhittev@elpais.com,17
Kissie,Yewdale,kyewdaleew@newsvine.com,66
Guss,Harman,gharmanex@google.nl,34
Glendon,Howe,ghoweey@symantec.com,84
Waylin,Yepiskov,wyepiskovez@chron.com,57
Timofei,Vedyashkin,tvedyashkinf0@dot.gov,56
Maximilien,Savin,msavinf1@ycombinator.com,27
Haven,Ollarenshaw,hollarenshawf2@walmart.com,70
Pail,Beazer,pbeazerf3@cbslocal.com,24
Eileen,Baudi,ebaudif4@prnewswire.com,2
Aldwin,Pittman,apittmanf5@icio.us,58
Gonzales,Brereton,gbreretonf6@imdb.com,2
Jacobo,Statefield,jstatefieldf7@miibeian.gov.cn,12
Genny,Masdin,gmasdinf8@chron.com,30
Ann,Blankhorn,ablankhornf9@guardian.co.uk,3
Dorine,Legister,dlegisterfa@cmu.edu,39
Garald,Abdey,gabdeyfb@php.net,27
Robbie,Bagwell,rbagwellfc@prlog.org,81
Constantia,Albury,calburyfd@eventbrite.com,72
Grace,Garrold,ggarroldfe@spiegel.de,88
Vita,Feldharker,vfeldharkerff@ucsd.edu,10
Jeffry,Woodyatt,jwoodyattfg@wordpress.org,11
Silvan,Touret,stouretfh@pagesperso-orange.fr,21
Antony,Fotitt,afotittfi@clickbank.net,60
Gwendolyn,Kneesha,gkneeshafj@qq.com,78
Serene,Gurko,sgurkofk@imdb.com,45
Henka,Bartholomieu,hbartholomieufl@mac.com,35
Sheryl,Foltin,sfoltinfm@nbcnews.com,16
Ulick,Donkersley,udonkersleyfn@mapy.cz,35
Thom,Cheetam,tcheetamfo@cdc.gov,81
Kane,Stanmore,kstanmorefp@printfriendly.com,22
Myrlene,Spencelayh,mspencelayhfq@so-net.ne.jp,33
Odilia,Sicha,osichafr@slate.com,85
Christophe,Seedhouse,cseedhousefs@google.cn,31
Brannon,Sawbridge,bsawbridgeft@tiny.cc,34
Mel,Cleeves,mcleevesfu@newyorker.com,55
Lucio,Drillot,ldrillotfv@mediafire.com,62
Finley,Minihan,fminihanfw@sfgate.com,58
Renelle,Ivasyushkin,rivasyushkinfx@squidoo.com,33
Gwendolin,MacElroy,gmacelroyfy@1und1.de,38
Sheela,Aldham,saldhamfz@msn.com,3
Sandro,De Morena,sdemorenag0@icq.com,21
Wye,Moden,wmodeng1@uiuc.edu,90
Crissy,Iacobetto,ciacobettog2@salon.com,30
Eachelle,Fattorini,efattorinig3@symantec.com,85
Melba,Pichan,mpichang4@bizjournals.com,66
Hally,Standish,hstandishg5@newsvine.com,25
Bryon,Carville,bcarvilleg6@mtv.com,49
Brady,Bengtson,bbengtsong7@linkedin.com,42
Amalee,Mattedi,amattedig8@tamu.edu,53
Brandie,McKeveney,bmckeveneyg9@etsy.com,56
Truman,Grindrod,tgrindrodga@gravatar.com,32
Jecho,Delacourt,jdelacourtgb@columbia.edu,45
Roshelle,Grzeskowski,rgrzeskowskigc@symantec.com,36
Gary,Cabedo,gcabedogd@de.vu,11
Colline,Emlen,cemlenge@pagesperso-orange.fr,52
Myriam,Ridley,mridleygf@creativecommons.org,60
Fairfax,Saunt,fsauntgg@prnewswire.com,34
Frasquito,Datte,fdattegh@flavors.me,41
Camel,McMorran,cmcmorrangi@cnet.com,49
Hamilton,Penwright,hpenwrightgj@mapquest.com,40
Nancy,MacCumiskey,nmaccumiskeygk@networksolutions.com,36
Cherilyn,Hill,chillgl@posterous.com,59
Jesse,Caldecott,jcaldecottgm@cnet.com,7
Brian,Shinn,bshinngn@tumblr.com,3
Josias,Avison,javisongo@gov.uk,64
Heinrik,Speaks,hspeaksgp@icq.com,79
Liliane,Ellson,lellsongq@geocities.jp,50
Erasmus,Endersby,eendersbygr@eventbrite.com,74
Porter,Pyford,ppyfordgs@cocolog-nifty.com,46
Lorne,Geroldi,lgeroldigt@globo.com,7
Saidee,Lowre,slowregu@vkontakte.ru,23
Agnese,Wordesworth,awordesworthgv@bluehost.com,20
Mair,Besque,mbesquegw@imageshack.us,48
Flor,Gainforth,fgainforthgx@samsung.com,43
Ashlan,Hanes,ahanesgy@nationalgeographic.com,10
Geoff,Reef,greefgz@is.gd,47
Eleen,Wynch,ewynchh0@howstuffworks.com,20
Henka,Thomton,hthomtonh1@youtu.be,68
Liv,Thomlinson,lthomlinsonh2@mashable.com,4
Adiana,Lumox,alumoxh3@jalbum.net,41
Nyssa,Petrecz,npetreczh4@dedecms.com,24
Samantha,Domek,sdomekh5@toplist.cz,12
Jilly,Codron,jcodronh6@yandex.ru,17
Tiffy,Croxall,tcroxallh7@addthis.com,73
Morena,Strover,mstroverh8@buzzfeed.com,36
Shaw,Snalham,ssnalhamh9@macromedia.com,7
Klara,Sproule,ksprouleha@addtoany.com,80
Jenine,Da Costa,jdacostahb@wiley.com,11
Mathian,Treske,mtreskehc@blinklist.com,36
Drusi,Offener,doffenerhd@tmall.com,63
Ezri,Beldon,ebeldonhe@smh.com.au,48
Shep,Rumbold,srumboldhf@reuters.com,58
Helaina,Pardie,hpardiehg@merriam-webster.com,7
Garik,MacMearty,gmacmeartyhh@fema.gov,21
Pancho,Serrier,pserrierhi@joomla.org,72
Wallie,McMoyer,wmcmoyerhj@ebay.co.uk,39
Rog,Bothie,rbothiehk@howstuffworks.com,65
Mitchel,Scrancher,mscrancherhl@dmoz.org,22
Marley,Beeden,mbeedenhm@ovh.net,45
Karlen,Downs,kdownshn@washingtonpost.com,73
Danny,Penbarthy,dpenbarthyho@diigo.com,39
Ichabod,Laker,ilakerhp@surveymonkey.com,47
Port,McGillivrie,pmcgillivriehq@photobucket.com,28
Kris,Mallatratt,kmallatratthr@hp.com,20
Anabal,Coslitt,acoslitths@dagondesign.com,39
Benedick,Fortescue,bfortescueht@ca.gov,64
Jenilee,Swainston,jswainstonhu@slideshare.net,66
Michaeline,Cuming,mcuminghv@go.com,60
Alfy,Gregan,agreganhw@odnoklassniki.ru,72
Kara-lynn,Rawsen,krawsenhx@fema.gov,3
Babb,Brigstock,bbrigstockhy@uiuc.edu,81
Noella,Bance,nbancehz@hao123.com,36
Tine,Farenden,tfarendeni0@pagesperso-orange.fr,74
Elayne,Sprake,esprakei1@opensource.org,19
Gasparo,Kearton,gkeartoni2@friendfeed.com,61
Winston,Itzak,witzaki3@cargocollective.com,71
Georgena,Antosik,gantosiki4@ftc.gov,30
Doyle,Jepensen,djepenseni5@hugedomains.com,27
Adan,Foxworthy,afoxworthyi6@squarespace.com,52
Torrey,Dufall,tdufalli7@businessinsider.com,50
Francoise,Towns,ftownsi8@zdnet.com,34
West,Lark,wlarki9@redcross.org,46
Marijo,Frostdyke,mfrostdykeia@google.nl,43
Maryanne,Ringham,mringhamib@multiply.com,47
Haley,Gaymar,hgaymaric@ibm.com,71
Camel,Biddwell,cbiddwellid@mediafire.com,69
Haley,Ciccotto,hciccottoie@ask.com,20
Annabel,Sagg,asaggif@twitter.com,7
Mikael,Reeds,mreedsig@unc.edu,90
Alysa,Brackenridge,abrackenridgeih@noaa.gov,2
Florrie,Bamb,fbambii@sina.com.cn,63
Henryetta,Oldacre,holdacreij@linkedin.com,25
Oralee,Simmank,osimmankik@merriam-webster.com,71
Sophi,Baulcombe,sbaulcombeil@zdnet.com,48
Xerxes,Hellens,xhellensim@hexun.com,69
Clarance,Kevlin,ckevlinin@weebly.com,18
Lula,Lorrie,llorrieio@over-blog.com,13
Garrett,Petrescu,gpetrescuip@wufoo.com,36
Madelyn,Siveyer,msiveyeriq@skyrock.com,41
Dmitri,Knappett,dknappettir@google.nl,22
Grannie,Di Ruggero,gdiruggerois@devhub.com,52
Inez,Rampling,iramplingit@ocn.ne.jp,67
Enid,Gretton,egrettoniu@feedburner.com,35
Sella,Brimilcome,sbrimilcomeiv@nbcnews.com,74
Vallie,Labba,vlabbaiw@prnewswire.com,22
Myrvyn,Danielis,mdanielisix@boston.com,21
Venita,Dunsford,vdunsfordiy@trellian.com,53
Alistair,Stegel,astegeliz@archive.org,10
Delmor,Fyldes,dfyldesj0@dailymotion.com,18
Myranda,Stranio,mstranioj1@elegantthemes.com,61
Cobby,Gentry,cgentryj2@indiegogo.com,1
Miran,Pilpovic,mpilpovicj3@exblog.jp,15
Del,Gadesby,dgadesbyj4@clickbank.net,60
Katy,Cavy,kcavyj5@sciencedirect.com,21
Pattie,Duer,pduerj6@joomla.org,47
Ketti,Winkworth,kwinkworthj7@abc.net.au,82
Alain,Davydkov,adavydkovj8@t-online.de,17
Myrilla,Saulter,msaulterj9@vkontakte.ru,30
Curran,Humble,chumbleja@economist.com,67
Charis,Vereker,cverekerjb@i2i.jp,33
Tammara,Crosfeld,tcrosfeldjc@spiegel.de,64
Joey,Fearnill,jfearnilljd@cmu.edu,70
Gilbertina,Von Oertzen,gvonoertzenje@miibeian.gov.cn,78
Frayda,O'Hingerty,fohingertyjf@mapquest.com,1
Orton,Maggorini,omaggorinijg@multiply.com,48
Hynda,Casari,hcasarijh@apache.org,53
Hal,Reisenstein,hreisensteinji@cpanel.net,77
Robyn,O'Fearguise,rofearguisejj@a8.net,11
Natividad,Sherland,nsherlandjk@accuweather.com,50
Stormi,Matveiko,smatveikojl@yahoo.co.jp,55
Lindsy,Kiwitz,lkiwitzjm@buzzfeed.com,14
Desirae,Letterese,dletteresejn@soundcloud.com,9
Darcy,Devenish,ddevenishjo@abc.net.au,22
Cyb,McLukie,cmclukiejp@china.com.cn,38
Kerianne,Flucker,kfluckerjq@stanford.edu,74
Tallulah,Behagg,tbehaggjr@google.cn,41
Peyter,Trippett,ptrippettjs@ezinearticles.com,28
Jada,Danilevich,jdanilevichjt@foxnews.com,24
Ranna,Emblow,remblowju@thetimes.co.uk,63
Lainey,Lindegard,llindegardjv@naver.com,27
Deni,Brendeke,dbrendekejw@phpbb.com,57
Peggie,Kirvin,pkirvinjx@yale.edu,10
Lorilee,Anning,lanningjy@chron.com,7
Anders,Blenkinsopp,ablenkinsoppjz@yale.edu,60
Tildy,Hargreave,thargreavek0@mtv.com,78
Gerhardine,Pinhorn,gpinhornk1@psu.edu,55
Cami,Kinnen,ckinnenk2@aol.com,33
Felicdad,Nye,fnyek3@unc.edu,31
Timotheus,Cuthill,tcuthillk4@ibm.com,48
Edna,Melley,emelleyk5@slideshare.net,24
Hyman,Armes,harmesk6@xinhuanet.com,36
Randee,Girodin,rgirodink7@jimdo.com,37
Batholomew,Cavell,bcavellk8@webnode.com,83
Wilt,Semour,wsemourk9@digg.com,33
Ezmeralda,Rycraft,erycraftka@usa.gov,48
Ax,Cogswell,acogswellkb@ucoz.ru,83
Alex,Tissell,atissellkc@weebly.com,21
Carolin,Ferrillio,cferrilliokd@usgs.gov,9
Cale,Edgerton,cedgertonke@wsj.com,30
Ajay,Schwandner,aschwandnerkf@com.com,89
Giffie,Gribbin,ggribbinkg@biblegateway.com,40
Valene,Osgorby,vosgorbykh@japanpost.jp,50
Frederico,Schultze,fschultzeki@state.tx.us,86
Jewell,Fawlo,jfawlokj@prweb.com,79
Ricoriki,Dewfall,rdewfallkk@clickbank.net,77
Kamillah,Marde,kmardekl@devhub.com,13
Ulla,Karel,ukarelkm@wikipedia.org,59
Tresa,Fernie,tferniekn@privacy.gov.au,54
Kendra,Jimeno,kjimenoko@nytimes.com,34
Carmella,Korting,ckortingkp@skyrock.com,26
Cherin,Nodes,cnodeskq@jugem.jp,88
Vanya,Lipman,vlipmankr@jimdo.com,61
Perri,Beaman,pbeamanks@businesswire.com,13
Brietta,Rohloff,brohloffkt@delicious.com,31
Darwin,Dufer,dduferku@ehow.com,33
Cord,Danelet,cdaneletkv@opera.com,55
Beck,Geertz,bgeertzkw@eepurl.com,40
Jorey,Issacov,jissacovkx@printfriendly.com,55
Bail,Finder,bfinderky@wunderground.com,74
Artemas,McKee,amckeekz@example.com,60
Fee,Rouch,frouchl0@examiner.com,45
Blinni,Dow,bdowl1@csmonitor.com,46
Frederich,Klimczak,fklimczakl2@theguardian.com,47
Mikaela,Edelheit,medelheitl3@liveinternet.ru,89
Edouard,Brian,ebrianl4@umn.edu,85
Christy,Dymocke,cdymockel5@smugmug.com,20
Lorilee,Veeler,lveelerl6@flickr.com,20
Astrix,Ivanyushkin,aivanyushkinl7@drupal.org,58
Dewitt,Grennan,dgrennanl8@netlog.com,20
Shae,Pender,spenderl9@time.com,48
Cecil,Jobbins,cjobbinsla@hatena.ne.jp,74
Nathan,Keddy,nkeddylb@wikia.com,73
Cletis,Kynoch,ckynochlc@prnewswire.com,21
Marina,Jinkinson,mjinkinsonld@redcross.org,16
Kean,Dutton,kduttonle@51.la,80
Buddy,Giovannacc@i,bgiovannaccilf@multiply.com,81
Vicky,Alliston,vallistonlg@nsw.gov.au,55
Obadiah,Kubelka,okubelkalh@economist.com,48
Branden,Ricold,bricoldli@usa.gov,13
Mariya,Berkowitz,mberkowitzlj@zdnet.com,77
Evin,Ojeda,eojedalk@joomla.org,82
Richardo,Nutton,rnuttonll@google.co.jp,86
Walther,Akrigg,wakrigglm@umn.edu,45
Gary,Haborn,ghabornln@devhub.com,20
Marlin,Searchfield,msearchfieldlo@ezinearticles.com,47
Lib,Sheen,lsheenlp@princeton.edu,51
Wallis,Anand,wanandlq@japanpost.jp,33
Robin,Scafe,rscafelr@examiner.com,84
Lorry,Devinn,ldevinnls@dropbox.com,16
Renae,Younge,ryoungelt@amazonaws.com,56
Lucien,Lednor,llednorlu@archive.org,66
Kathe,Lum,klumlv@examiner.com,4
Paquito,Faustian,pfaustianlw@bloglovin.com,71
Blythe,Simoneschi,bsimoneschilx@wunderground.com,34
Marysa,Ashley,mashleyly@europa.eu,87
Zacharie,Lochhead,zlochheadlz@craigslist.org,54
Lezlie,Daveridge,ldaveridgem0@biglobe.ne.jp,26
Lurline,Calcraft,lcalcraftm1@ning.com,44
Bradley,Weippert,bweippertm2@who.int,17
Gav,McSperrin,gmcsperrinm3@google.com.hk,69
Arden,Fynan,afynanm4@howstuffworks.com,64
Zeke,Matuska,zmatuskam5@chron.com,36
Inna,Alfonzo,ialfonzom6@amazon.com,74
Gordon,Fransewich,gfransewichm7@privacy.gov.au,11
Maybelle,Fairhall,mfairhallm8@whitehouse.gov,40
Corie,Matisoff,cmatisoffm9@lycos.com,43
Joby,Tonnesen,jtonnesenma@blogs.com,31
Dyanne,Claypoole,dclaypoolemb@latimes.com,61
Joletta,Tarn,jtarnmc@godaddy.com,13
Rania,Yuranovev,ryuranovevmd@booking.com,82
Filippo,Masselin,fmasselinme@51.la,67
Tam,Carmo,tcarmomf@foxnews.com,51
Clerc,Winterflood,cwinterfloodmg@mozilla.com,60
Sutherlan,MacGraith,smacgraithmh@gizmodo.com,2
Cecile,Coit,ccoitmi@typepad.com,54
Isa,Renols,irenolsmj@ft.com,74
Tanny,MacKimm,tmackimmmk@jigsy.com,58
Aubrey,Hallbord,ahallbordml@answers.com,12
Bell,Pecey,bpeceymm@flickr.com,25
Donavon,Fawlo,dfawlomn@businesswire.com,5
Sargent,Deverall,sdeverallmo@intel.com,67
Dania,Allawy,dallawymp@weibo.com,80
Auroora,Dawton,adawtonmq@msu.edu,2
Fannie,Rooms,froomsmr@xrea.com,13
Jasen,Surmeyers,jsurmeyersms@jigsy.com,36
Luce,Stitson,lstitsonmt@about.com,12
Harp,Whitwham,hwhitwhammu@virginia.edu,69
Louella,Pickless,lpicklessmv@patch.com,49
Anatol,Birnie,abirniemw@sourceforge.net,86
Engracia,Porson,eporsonmx@taobao.com,3
Dorothee,Kincey,dkinceymy@studiopress.com,20
Kati,Josefs,kjosefsmz@fc2.com,40
Thornton,Giraudou,tgiraudoun0@harvard.edu,41
Bartholomew,Byard,bbyardn1@skype.com,6
Jervis,Godspede,jgodspeden2@weebly.com,40
Madeline,Astall,mastalln3@last.fm,86
Ambrosius,Le Marchant,alemarchantn4@washingtonpost.com,30
Lurette,McGoogan,lmcgoogann5@printfriendly.com,34
Bendix,Cordero,bcorderon6@buzzfeed.com,33
Grace,Sauvan,gsauvann7@bloomberg.com,81
Sabra,Maddern,smaddernn8@eepurl.com,82
Alidia,Carrel,acarreln9@4shared.com,32
Brice,Bartrap,bbartrapna@uol.com.br,53
Sherry,Bratch,sbratchnb@trellian.com,76
Hilario,Goman,hgomannc@springer.com,21
Jolyn,Stimpson,jstimpsonnd@bloglines.com,89
Maryjane,Girth,mgirthne@dedecms.com,80
Bonita,Biaggiotti,bbiaggiottinf@usatoday.com,59
Pauly,Gibbin,pgibbinng@census.gov,63
Willi,Kose,wkosenh@homestead.com,90
Reiko,Grattage,rgrattageni@opensource.org,68
Thekla,Dunlea,tdunleanj@networkadvertising.org,65
Dinny,Storey,dstoreynk@phoca.cz,8
Rickert,Caskey,rcaskeynl@microsoft.com,82
Mimi,Weeke,mweekenm@live.com,5
Harli,Picardo,hpicardonn@howstuffworks.com,47
Tomkin,Carolan,tcarolanno@barnesandnoble.com,6
Lilian,Golling,lgollingnp@msn.com,20
Bentlee,Staples,bstaplesnq@nationalgeographic.com,15
Delora,Hedgecock,dhedgecocknr@netvibes.com,12
Cecilius,Scipsey,cscipseyns@epa.gov,29
Larry,Hasselby,lhasselbynt@1und1.de,24
Claudetta,Rayburn,crayburnnu@facebook.com,52
Vincent,Coop,vcoopnv@i2i.jp,42
Marcus,Szymanek,mszymaneknw@domainmarket.com,40
Mohammed,Mardy,mmardynx@miibeian.gov.cn,28
Collie,Syder,csyderny@parallels.com,89
Babs,Chancellor,bchancellornz@google.co.jp,44
Ulysses,Westley,uwestleyo0@google.ca,42
Candide,Wilman,cwilmano1@pen.io,37
Adelaide,Wornum,awornumo2@storify.com,44
Rolfe,Robertson,rrobertsono3@taobao.com,41
Mace,Mate,mmateo4@epa.gov,87
Kacy,Bome,kbomeo5@cyberchimps.com,75
Otto,Errett,oerretto6@google.it,33
Nariko,Mawer,nmawero7@icq.com,41
Milo,Keighly,mkeighlyo8@blog.com,57
Edsel,Gillaspy,egillaspyo9@devhub.com,55
Bianca,Coultous,bcoultousoa@examiner.com,30
Elbertine,Belverstone,ebelverstoneob@simplemachines.org,36
Gwyn,Yerill,gyerilloc@webnode.com,65
Jethro,Ruzek,jruzekod@sakura.ne.jp,35
Stearne,Rickaby,srickabyoe@guardian.co.uk,88
Jobey,Coie,jcoieof@biblegateway.com,36
Haley,Malec,hmalecog@biblegateway.com,34
Dermot,Dowe,ddoweoh@nps.gov,82
Hurley,Kunrad,hkunradoi@sphinn.com,73
Feodora,Loveredge,floveredgeoj@theatlantic.com,70
Dacy,Domney,ddomneyok@gravatar.com,3
Alfons,Gillopp,agilloppol@usnews.com,24
Tanhya,Swait,tswaitom@amazon.com,8
Rubina,Silcock,rsilcockon@nps.gov,16
Reynard,Yurenev,ryurenevoo@jalbum.net,21
Alta,Handforth,ahandforthop@uol.com.br,61
Siegfried,Caherny,scahernyoq@hugedomains.com,52
Meredith,Davitti,mdavittior@cafepress.com,20
Missy,De Ruel,mderuelos@soup.io,48
Anselm,Yankeev,ayankeevot@businessinsider.com,1
Ede,Inkpin,einkpinou@nymag.com,39
Tonie,Barg,tbargov@geocities.jp,85
Korrie,Doggrell,kdoggrellow@epa.gov,48
Auberta,Cato,acatoox@theglobeandmail.com,87
Bary,Crat,bcratoy@un.org,77
Donelle,Woan,dwoanoz@blogspot.com,53
Mariquilla,O' Kelleher,mokelleherp0@hhs.gov,71
Adella,Oxbrow,aoxbrowp1@aol.com,15
Sibeal,Stelle,sstellep2@whitehouse.gov,67
Margarethe,Cabrer,mcabrerp3@gizmodo.com,28
Menard,Pepperell,mpepperellp4@scribd.com,4
Magdaia,Fiddiman,mfiddimanp5@acquirethisname.com,83
Aurilia,Tolossi,atolossip6@blogs.com,87
Phyllis,Spier,pspierp7@cbc.ca,29
Anett,Beauman,abeaumanp8@msu.edu,17
Wolf,Lalevee,wlaleveep9@zdnet.com,9
Rustie,Rozier,rrozierpa@artisteer.com,54
Temple,Smead,tsmeadpb@blog.com,17
Athene,Vedyashkin,avedyashkinpc@domainmarket.com,11
Jefferey,Dinse,jdinsepd@msn.com,56
Corene,Spires,cspirespe@diigo.com,3
Hillel,Cockill,hcockillpf@amazonaws.com,82
Leoine,Cheasman,lcheasmanpg@vinaora.com,36
Ramona,Bason,rbasonph@hugedomains.com,82
Alva,Huzzey,ahuzzeypi@a8.net,53
Livy,Merwood,lmerwoodpj@census.gov,81
Jakie,Doidge,jdoidgepk@e-recht24.de,6
Opal,Liversidge,oliversidgepl@miibeian.gov.cn,81
Oralie,Washbrook,owashbrookpm@latimes.com,3
Helenka,Shellcross,hshellcrosspn@marketwatch.com,37
Marilee,Collinette,mcollinettepo@patch.com,42
Beulah,Ditt,bdittpp@va.gov,81
Arel,Ondrich,aondrichpq@va.gov,32
Freddie,Haggerstone,fhaggerstonepr@ameblo.jp,85
Mignonne,Maliffe,mmaliffeps@cbslocal.com,49
Doralyn,Sea,dseapt@microsoft.com,61
Tarrah,Battaille,tbattaillepu@meetup.com,36
Asher,Papaminas,apapaminaspv@harvard.edu,65
Brock,Westman,bwestmanpw@altervista.org,18
Gerardo,Syce,gsycepx@elegantthemes.com,68
Theodora,Tucknott,ttucknottpy@google.ru,88
Rhetta,Rhead,rrheadpz@clickbank.net,73
Binni,Worcester,bworcesterq0@comsenz.com,9
North,Lochrie,nlochrieq1@zdnet.com,36
Ashby,Kliement,akliementq2@ebay.com,59
Sammie,Rendle,srendleq3@gnu.org,59
Bev,Badini,bbadiniq4@cloudflare.com,6
Georgiana,Vankeev,gvankeevq5@washington.edu,64
Nanice,Plowright,nplowrightq6@gmpg.org,88
Scottie,Lamey,slameyq7@skyrock.com,23
Gradey,Hablot,ghablotq8@ycombinator.com,90
Clark,de Amaya,cdeamayaq9@tiny.cc,43
Eddie,Chenery,echeneryqa@mozilla.com,80
Vyky,Coverley,vcoverleyqb@cnbc.com,64
Gay,Mullinger,gmullingerqc@loc.gov,10
Marianna,Clements,mclementsqd@jigsy.com,62
Siobhan,Doppler,sdopplerqe@dot.gov,59
Dominic,Hellen,dhellenqf@yale.edu,71
Johnnie,Nice,jniceqg@simplemachines.org,5
Rosalinde,Collyer,rcollyerqh@smh.com.au,20
Isabelita,Florence,iflorenceqi@amazonaws.com,38
Pippy,Cornewall,pcornewallqj@blogs.com,27
Royall,Juliff,rjuliffqk@hugedomains.com,28
Barbabas,Hurcombe,bhurcombeql@oracle.com,18
Phineas,Blachford,pblachfordqm@google.es,51
Kassie,Semechik,ksemechikqn@virginia.edu,43
Verile,Taylor,vtaylorqo@newyorker.com,42
Derrick,Loynton,dloyntonqp@ovh.net,38
Shirleen,O'Siaghail,sosiaghailqq@istockphoto.com,16
Gianna,Wolfit,gwolfitqr@ucla.edu,86
Dilly,Waiton,dwaitonqs@umich.edu,66
Ruben,Hackett,rhackettqt@cbc.ca,10
Guido,Pietrzak,gpietrzakqu@delicious.com,63
Darwin,Nicholas,dnicholasqv@jimdo.com,31
Drusilla,Dobing,ddobingqw@unicef.org,14
Leah,Bittlestone,lbittlestoneqx@sciencedirect.com,73
Ottilie,Denty,odentyqy@networksolutions.com,38
Kerwin,Trustie,ktrustieqz@wikia.com,86
Felic,Blyth,fblythr0@vistaprint.com,33
Godiva,Staning,gstaningr1@sfgate.com,11
Fields,Lawman,flawmanr2@salon.com,69
Elsie,Scully,escullyr3@aboutads.info,69
Laughton,Bannell,lbannellr4@diigo.com,31
Rolfe,Winpenny,rwinpennyr5@umich.edu,31
Shayne,Duckerin,sduckerinr6@yahoo.co.jp,44
Kore,Ales,kalesr7@dot.gov,40
Johnny,Minnis,jminnisr8@tiny.cc,83
Byrann,Sowley,bsowleyr9@virginia.edu,25
Joelle,Growden,jgrowdenra@google.com,90
Cynthea,Sommerled,csommerledrb@opera.com,14
Ansley,O' Connell,aoconnellrc@cornell.edu,64
Adrian,Straughan,astraughanrd@npr.org,53
Zachery,Trownson,ztrownsonre@alibaba.com,24
Chelsea,Smalridge,csmalridgerf@ustream.tv,89
Nelia,Casel,ncaselrg@123-reg.co.uk,59
Jan,Markham,jmarkhamrh@angelfire.com,38
Zola,Sanson,zsansonri@vkontakte.ru,21
Gustavo,Le Monnier,glemonnierrj@moonfruit.com,12
Orsola,Aaron,oaaronrk@hibu.com,56
Rog,Balbeck,rbalbeckrl@networksolutions.com,87
Jayme,Fortey,jforteyrm@geocities.com,10
Aharon,Meriguet,ameriguetrn@state.tx.us,49
Carlin,Lawton,clawtonro@ted.com,84
Jaymee,Nother,jnotherrp@barnesandnoble.com,56
Ericka,Biskupski,ebiskupskirq@redcross.org,78
Feodor,Trye,ftryerr@jigsy.com,43
